ID,SMILES,CLASS
CHEMBL4226647,CCCCCCCCCC(=O)OCC(=O)NCc1ccc(O)c(OC)c1,1
CHEMBL124602,CCCCCCC(CC=CCCCCCCCC(=O)NCc1ccc(O)c(OC)c1)OC(C)=O,1
CHEMBL123254,CCCCCC=CCC=CCC=CCC=CCCCC(=O)NCc1ccc(O)c(OC)c1,1
CHEMBL121808,COc1cc(CNC(=O)C=C(C)CCC=C(C)CCC=C(C)C)ccc1O,1
CHEMBL76903,CCCCCCCCC=CCCCCCCCC(=O)NCc1ccc(O)c(OC)c1,1
CHEMBL358031,CCCCCCCC(=O)NCCc1ccc(O)cc1,0
CHEMBL122864,CCCCCCC=CC#CCCCCCCCC(=O)NCc1ccc(O)c(OC)c1,1
CHEMBL25948,CCCCC=CCC(=O)CCc1ccc(O)c(OC)c1,1
CHEMBL4228832,CCCCCCCCC=CCCCCCCCC(=O)OCC(=O)NCc1ccc(O)c(OC)c1,1
CHEMBL4227432,CCCCCCCCCCCCCCC(=O)OCC(=O)NCc1ccc(O)c(OC)c1,1
CHEMBL313885,C=CCCCCCCCCC(=O)NCc1ccc(O)c(OC)c1,1
CHEMBL124415,COc1cc(CNC(=O)C=C(C)CCCC(C)CCCC(C)CCCC(C)C)ccc1O,1
CHEMBL4226582,CCCCCCCCCCCC(=O)OCC(=O)NCc1ccc(O)c(OC)c1,1
CHEMBL3593946,Oc1ccc(CN=C=S)cc1,0
CHEMBL151649,S=C=NCCc1ccccc1,0
CHEMBL4225006,CC(C)=CCCC(C)=CC(=O)OCC(=O)NCc1ccc(O)c(O)c1,1
CHEMBL55285,S=C=NCc1ccccc1,0
CHEMBL3355298,CC(C)=CCCC(C)=CCNC(=O)Cc1ccc(Cl)cc1,1
CHEMBL4226595,CC(C)(C)C(=O)NCCc1ccc(O)c(O)c1,0
CHEMBL121925,CCCCCCCCC=CCCCCCCCCCCC(=O)NCc1ccc(O)c(OC)c1,1
CHEMBL4224748,CCCCCC=CCC=CCC=CCC=CCCCC(=O)OCC(=O)NCc1ccc(O)c(OC)c1,1
CHEMBL122849,CCCCCCC(O)CC=CCCCCCCCC(=O)NCc1ccc(O)c(OC)c1,1
CHEMBL126172,CCCCCCC(O)CCCCCCCCCCC(=O)NCc1ccc(O)c(OC)c1,1
CHEMBL1096704,COc1cc(C=CC(=O)NCC(C)C)ccc1O,1
CHEMBL122156,CCCCCCC(=O)CCCCCCCCCCC(=O)NCc1ccc(O)c(OC)c1,1
CHEMBL3355287,CC(C)=CCCC(C)=CCNC(=O)Oc1ccc(C(C)(C)C)cc1,0
CHEMBL121730,CCCCCCCCC#CCCCCCCCC(=O)NCc1ccc(O)c(OC)c1,1
CHEMBL3355284,CC(C)=CCCC(C)=CCNC(=O)CCc1ccccc1,0
CHEMBL4228169,CCCCCCCC(=O)NCCc1ccc(OC(C)=O)c(OC(C)=O)c1,0
CHEMBL39878,CCCCCC=CCC=CCC=CCC=CCCCC(=O)Nc1ccc(O)cc1,1
CHEMBL313971,COc1cc(CNC(=O)CCCCC=CC(C)C)ccc1O,1
CHEMBL121867,COc1cc(CNC(=O)C=C(C)CCC=C(C)C)ccc1O,1
CHEMBL4226128,CC(C)=CCCC(C)=CCCC(C)=CCCC=C(C)CCC=C(C)CCC(=O)OCC(=O)NCc1ccc(O)c(O)c1,1
CHEMBL4226064,CCCCCCCC(=O)OCC(=O)NCc1ccc(O)c(OC)c1,1
CHEMBL138921,CCCCCC=CCC=CCC=CCC=CCCCC(=O)NCCc1ccc(O)c(O)c1,1
CHEMBL77772,CCCCCCCCNC(=O)Cc1ccc(O)c(O)c1,1
CHEMBL4225866,COc1cc(CNC(=O)COC(=O)CCC(C)=CCCC(C)=CCCC=C(C)CCC=C(C)CCC=C(C)C)ccc1O,1
CHEMBL4225800,COc1cc(CNC(=O)COC(=O)C=C(C)CCC=C(C)C)ccc1O,1
CHEMBL4226124,CCCCCCC(=O)OCC(=O)NCc1ccc(O)c(OC)c1,1
CHEMBL150689,O=C(NCCSCc1cccc(C(F)(F)F)c1)N1CCSCC1,1
CHEMBL1096208,CC1CCC(C(C)C)C(NC(=O)NC23CC4CC(CC(C4)C2)C3)C1,1
CHEMBL483144,CCCCCCCCCCCCCCCC(=O)NC1CC1O,1
CHEMBL3355308,CC(C)=CCCC(C)=CCNC(=O)C1CC1,0
CHEMBL475904,CCCCCC=CCC=CCC=CCC=CCCCC(=O)NC1CC1O,1
CHEMBL472662,CCCCCCCCC=CCCCCCCCC(=O)NC1CC1O,1
CHEMBL257569,N#CCn1nnnc1CNC(=O)c1ccc(-c2ccccc2)cc1,0
CHEMBL257570,CC(C)Cn1nnnc1CNC(=O)c1ccc(-c2ccccc2)cc1,0
CHEMBL257548,COC(=O)Cn1nnnc1CNC(=O)c1ccc(-c2ccccc2)cc1,0
CHEMBL403221,CC(=O)Cn1nnnc1CNC(=O)c1ccc(-c2ccccc2)cc1,0
CHEMBL4586277,CC(C(=O)NCc1ccc(C(F)(F)F)cc1N1CCC(Cc2ccccc2)(N(C)C)CC1)c1ccc(NS(C)(=O)=O)c(F)c1,1
CHEMBL2312054,O=C(Nc1ccc(-c2ccccc2)cc1)N1CCc2c([nH]c3ccc(O)cc23)C1,1
CHEMBL4457595,CN(C)C1(Cc2ccccc2)CCN(c2cc(C(F)(F)F)ccc2CNC(=O)Nc2ccc3c(c2)OCC3)CC1,1
CHEMBL4448147,CC(C)(C)c1nc(-c2cccc(Cl)c2)c(CNC(=O)Nc2ccc(CO)c(F)c2)s1,1
CHEMBL4854482,Clc1cnc(CNc2ccc3cnsc3c2)s1,0
CHEMBL4863993,Clc1cnc(CNc2cc3sncc3cc2Cl)s1,0
CHEMBL5196182,O=C(Nc1ccc2[nH]ncc2c1)N1CCN(c2ccccc2Cl)CC1,1
CHEMBL5207045,Cc1ccccc1N1CCN(C(=O)Nc2ccc3[nH]ncc3c2)CC1,1
CHEMBL1095331,COc1cc(C=CC(=O)N2CCCCC2)ccc1O,1
CHEMBL4876211,Cn1c(Cl)cnc1CNc1ccc2sncc2c1,0
CHEMBL4789599,CC(C)c1cccc(-c2nc(C(F)(F)F)ccc2CNC(=O)Nc2cccc3c(=O)[nH]ccc23)c1,1
CHEMBL559612,CCCCCCC(C)(C)c1ccc(C2CC(O)CCC2CCCO)c(O)c1,1
CHEMBL4448866,CN(C)C1(Cc2ccccc2)CCN(c2cc(C(F)(F)F)ccc2CNC(=O)Nc2cccc3c(=O)[nH]ccc23)CC1,1
CHEMBL5435962,CCCCCc1cc(O)c(NS(=O)(=O)c2cccc(C(F)(F)F)c2)c(O)c1,0
CHEMBL5419845,CCCCCc1cc(O)c(NS(=O)(=O)c2cc(F)cc(F)c2)c(O)c1,0
CHEMBL4789711,O=C(NCc1ccc(C(F)(F)F)nc1SC1CCCCC1)Nc1cccc2c(=O)[nH]ccc12,1
CHEMBL123157,C=C(C)C1CC=C(C(=O)NCc2ccc(O)c(OC)c2)CC1,1
CHEMBL17976,C=C(C)C12CC(C)C34OC(Cc5ccccc5)(OC1C3C=C(COC(=O)Cc1ccc(O)c(OC)c1)CC1(O)C(=O)C(C)=CC14)O2,1
CHEMBL595046,C=C(C)C12CC(C)C34OC(Cc5ccccc5)(OC1C3C=C(COC(=O)C(O)c1ccc(O)c(OC)c1)CC1(O)C(=O)C(C)=CC14)O2,1
CHEMBL594649,C=C(C)C12CC(C)C34OC(Cc5ccccc5)(OC1C3C=C(COC(=O)C(OC(C)=O)c1ccc(O)c(OC)c1)CC1(O)C(=O)C(C)=CC14)O2,1
CHEMBL594895,C=C(C)C12CC(C)C34OC(Cc5ccccc5)(OC1C3C=C(COC(=O)C(C)c1ccc(O)c(OC)c1)CC1(O)C(=O)C(C)=CC14)O2,1
CHEMBL18058,C=C(C)C12CC(C)C34OC(Cc5ccccc5)(OC1C3C=C(COC(=O)Cc1cc(OC)c(OC(C)=O)cc1I)CC1(O)C(=O)C(C)=CC14)O2,1
CHEMBL18441,C=C(C)C12CC(C)C34OC(Cc5ccccc5)(OC1C3C=C(COC(=O)Cc1cc(OC)c(O)cc1I)CC1(O)C(=O)C(C)=CC14)O2,1
CHEMBL594862,C=C(C)C12CC(C)C34OC(Cc5ccccc5)(OC1C3C=C(COC(=O)C(OC)c1ccc(O)c(OC)c1)CC1(O)C(=O)C(C)=CC14)O2,1
CHEMBL5398933,CCCCCc1cc(O)c(NC(=O)c2ccc(=O)oc2)c(O)c1,0
CHEMBL2376844,CN(Cc1ccc2ccccc2c1)C(=O)n1nnc(Cc2ccc(-c3ccccc3)cc2)n1,0
CHEMBL4800517,CC1CCN(c2nc(C(F)(F)F)ccc2CNC(=O)Nc2cccc3c(=O)[nH]ccc23)CC1,1
CHEMBL4785719,O=C(NCc1ccc(C(F)(F)F)nc1N1CCCCC1)Nc1cccc2c(=O)[nH]ccc12,1
CHEMBL485726,CCOC(=O)C1=C(C)N=C(c2cccc(Cl)c2)C(C(=O)OCC)C1CC,0
CHEMBL485925,CCOC(=O)C1=C(C)N=C(c2ccc(F)cc2)C(C(=O)OCC)C1CC,0
CHEMBL505916,CCOC(=O)C1=C(C)N=C(c2cccc(F)c2)C(C(=O)OCC)C1CC,0
CHEMBL122370,COc1ccc(CNC(=O)CCCCCCCC(=O)NCc2ccc(OC)c(O)c2)cc1O,1
CHEMBL438140,C=C(C)C12CC(C)C3(OCc4ccccc4)C(C=C(COC(=O)c4cc(OC)c(O)cc4I)CC4(O)C(=O)C(C)=CC43)C1OCO2,1
CHEMBL391393,C=C(C)C12CC(C)C3(OCc4ccccc4)C(C=C(COC(=O)c4ccc(O)c(OC)c4)CC4(O)C(=O)C(C)=CC43)C1OCO2,1
CHEMBL391807,C=C(C)C12CC(C)C3(OCc4ccccc4)C(C=C(COC(=O)c4ccccc4)CC4(O)C(=O)C(C)=CC43)C1OCO2,1
CHEMBL438313,C=C(C)C12CC(C)C3(OCc4ccccc4)C(C=C(COC(=O)c4cc(I)c(O)c(OC)c4)CC4(O)C(=O)C(C)=CC43)C1OCO2,1
CHEMBL5429923,COc1cc(CNC(=O)CCCc2ccc(-c3cccnc3)s2)ccc1O,1
CHEMBL5416035,O=C(CCCc1ccc(-c2cccnc2)s1)NCc1ccc(Cl)c(Cl)c1,1
CHEMBL5410131,COc1ccc(CNC(=O)CCCc2ccc(-c3cccnc3)s2)cc1,0
CHEMBL371171,COc1cc(NC(=O)C=Cc2ccc(C(C)(C)C)cc2)ccc1O,1
CHEMBL1094768,CC1CCC(C(C)C)C(NC(=O)c2ccc(C(C)(C)C)cc2)C1,1
CHEMBL5183151,O=C(Nc1ccc2c[nH]nc2c1)N1CCN(c2ncccc2Cl)CC1,1
CHEMBL5195136,O=C(Nc1ccc2c[nH]nc2c1)N1CCN(c2ncccc2C(F)(F)F)CC1,1
CHEMBL5191526,O=C(Nc1ccc2c[nH]nc2c1)N1CCN(c2ncccc2Br)CC1,1
CHEMBL5173171,O=C(Nc1ccc2c[nH]nc2c1)N1CCN(c2ccc(Cl)cn2)CC1,1
CHEMBL5180292,O=C(Nc1ccc2c[nH]nc2c1)N1CCN(c2ccc(C(F)(F)F)cn2)CC1,1
CHEMBL5191445,Cc1cccnc1N1CCN(C(=O)Nc2ccc3c[nH]nc3c2)CC1,1
CHEMBL5171686,O=C(Nc1ccc2c[nH]nc2c1)N1CCN(c2ncc(C(F)(F)F)cc2Cl)CC1,1
CHEMBL4800225,O=C(NCc1ccc(C(F)(F)F)nc1OCc1ccccc1)Nc1cccc2c(=O)[nH]ccc12,1
CHEMBL2376842,CN(C(=O)n1nnc(Cc2ccc(-c3ccccc3)cc2)n1)C1CCCCC1,1
CHEMBL2312050,CC(C)(C)c1ccc(NC(=O)N2CCc3c([nH]c4ccc(O)cc34)C2)cc1,1
CHEMBL2312052,O=C(Nc1ccc(C(F)(F)F)cc1)N1CCc2c([nH]c3ccc(O)cc23)C1,1
CHEMBL2312056,CC1c2[nH]c3ccc(O)cc3c2CCN1C(=O)Nc1ccc(C(F)(F)F)cc1,1
CHEMBL4798242,O=C(NCc1ccc(C(F)(F)F)nc1OCC1CCC1)Nc1cccc2c(=O)[nH]ccc12,1
CHEMBL1950598,O=C(C=CCCCCCCc1ccccc1)CCc1ccc(O)cc1,1
CHEMBL5399027,O=C(CCCc1ccc(-c2ccccc2)s1)Nc1ccc(O)cc1,1
CHEMBL4787182,O=C(NCc1ccc(C(F)(F)F)nc1N1CCC(Cc2ccccc2)CC1)Nc1cccc2c(=O)[nH]ccc12,1
CHEMBL333488,COc1ccc(CNC(=O)CCCCCCCCC(=O)NCc2ccc(OC)c(O)c2)cc1O,1
CHEMBL5412004,O=C(CCCc1ccc(-c2ccccc2)s1)NCc1ccc(Cl)c(Cl)c1,1
CHEMBL5398876,O=C(CCCc1ccc(-c2ccccc2)s1)NCc1ccccc1,1
CHEMBL5428602,COc1cc(CNC(=O)CCCc2ccc(-c3ccccc3)s2)ccc1O,1
CHEMBL5417111,O=C(CCCc1ccc(-c2ccccc2)s1)NCc1ccc(O)cc1,1
CHEMBL5432262,O=C(CCCc1ccccc1)NCc1ccc(Cl)c(Cl)c1,1
CHEMBL1707736,O=C(CCCc1ccccc1)NCc1ccccc1,0
CHEMBL89848,COc1cc(CNC(=O)CCCc2ccccc2)ccc1O,1
CHEMBL1096336,COc1ccc(OC(=O)NC2CC(C)CCC2C(C)C)cc1,0
CHEMBL1094393,CC1CCC(C(C)C)C(NC(=O)Oc2ccc(Cl)cc2)C1,0
CHEMBL1098095,CC1CCC(C(C)C)C(NC(=O)Oc2ccc(C(C)(C)C)cc2)C1,0
CHEMBL1095974,CC1CCC(C(C)C)C(NC(=O)Oc2cccc(Cl)c2)C1,0
CHEMBL1098225,CC1CCC(C(C)C)C(NC(=O)NCCc2cc3cc(O)ccc3[nH]2)C1,0
CHEMBL5191450,O=C(Nc1ccc2[nH]ncc2c1)N1CCCN(c2cccc(Cl)c2Cl)CC1,1
CHEMBL333489,COc1ccc(CNC(=O)CCCCC=CCCCCCCCCCCCCC(=O)NCc2ccc(OC)c(O)c2)cc1O,1
CHEMBL5171514,O=C(Nc1ccc2[nH]ncc2c1)N1CCN(c2ccc(C(F)(F)F)cn2)CC1,1
CHEMBL5190512,O=C(Nc1ccc2[nH]ncc2c1)N1CCN(c2ncccc2Br)CC1,1
CHEMBL5201605,O=C(Nc1ccc2[nH]ncc2c1)N1CCN(c2cc(C(F)(F)F)ccn2)CC1,1
CHEMBL5200226,O=C(Nc1ccc2[nH]ncc2c1)N1CCN(c2ncccc2C(F)(F)F)CC1,1
CHEMBL5191290,O=C(Nc1ccc2[nH]ncc2c1)N1CCN(c2ncccc2Cl)CC1,1
CHEMBL5203984,O=C(Nc1ccc2[nH]ncc2c1)N1CCN(c2ccc(Cl)cn2)CC1,1
CHEMBL4457304,CN(C)C1(Cc2ccccc2)CCN(c2cc(C(F)(F)F)ccc2CNC(=O)Nc2ccc3cnccc3c2)CC1,1
CHEMBL2376857,CN(C(=O)n1nnnc1Cc1ccc(-c2ccccc2)cc1)C1CCCCC1,0
CHEMBL5432770,NS(=O)(=O)c1ccc(N2CCC(NC(=O)Nc3ccc4c(c3)OCCO4)C2)nc1,0
CHEMBL4438974,CN(C)C1(Cc2ccccc2)CCN(c2cc(C(F)(F)F)ccc2CNC(=O)Nc2cccc3ncccc23)CC1,1
CHEMBL594016,C=C(C(=O)OCC1=CC2C3OC4(Cc5ccccc5)OC3(C(=C)C)CC(C)C2(O4)C2=CC(C)C(=O)C2(O)C1)c1ccc(O)c(OC)c1,1
CHEMBL404542,CN(C)C(=O)Cn1nnnc1Cc1ccc(-c2ccccc2)cc1,0
CHEMBL2376869,Cc1ccc(-c2ccc(Cc3nnnn3C(=O)N(C)C)cc2)cc1,0
CHEMBL2376864,CN(C)C(=O)n1nnnc1Cc1ccc(-c2cccc(O)c2)cc1,0
CHEMBL404541,CC(=O)Cn1nnnc1Cc1ccc(-c2ccccc2)cc1,0
CHEMBL258163,COC(=O)Cn1nnnc1Cc1ccc(-c2ccccc2)cc1,0
CHEMBL2376866,CN(C)C(=O)n1nnnc1Cc1ccc(-c2cccc(C(N)=O)c2)cc1,0
CHEMBL255903,CC(C)Cn1nnnc1Cc1ccc(-c2ccccc2)cc1,0
CHEMBL404652,N#CCn1nnnc1Cc1ccc(-c2ccccc2)cc1,0
CHEMBL4779603,O=C(NCc1ccc(C(F)(F)F)nc1N1CCCC1)Nc1cccc2c(=O)[nH]ccc12,1
CHEMBL5430046,COc1cc(COC(=O)CCc2cc(O)c(NS(=O)(=O)c3cc(F)cc(F)c3)c(O)c2)ccc1O,0
CHEMBL5420817,COc1ccc(COC(=O)CCc2cc(O)c(NS(=O)(=O)c3cc(F)cc(F)c3)c(O)c2)cc1OC,0
CHEMBL4442473,CN(C)C1(Cc2ccccc2)CCN(c2cc(C(F)(F)F)ccc2CNC(=O)Nc2cccc3ccncc23)CC1,1
CHEMBL253973,CC(C)CNC(=O)C=CC=Cc1ccc2c(c1)OCO2,1
CHEMBL4555508,CN(C)C1(Cc2ccccc2)CCN(c2cc(C(F)(F)F)ccc2CNC(=O)Nc2ccc(CO)c(F)c2)CC1,1
CHEMBL4536869,CN(C)C1(Cc2ccccc2)CCN(c2cc(C(F)(F)F)ccc2CNC(=O)Nc2ccc(CNS(N)(=O)=O)c(F)c2)CC1,1
CHEMBL4571845,CN(C)C1(Cc2ccccc2)CCN(c2cc(C(F)(F)F)ccc2CNC(=O)Nc2ccc(CNS(C)(=O)=O)c(F)c2)CC1,1
CHEMBL4562769,CN(C)C1(Cc2ccccc2)CCN(c2cc(C(F)(F)F)ccc2CNC(=O)Nc2cccc3[nH]c(=O)ccc23)CC1,1
CHEMBL5402861,COc1ccccc1NC(=O)NC1CCN(c2ccc(S(N)(=O)=O)cn2)C1,0
CHEMBL5404038,NS(=O)(=O)c1ccc(N2CCC(NC(=O)Nc3ccc(Cl)c(C(F)(F)F)c3)C2)nc1,0
CHEMBL5433765,NS(=O)(=O)c1ccc(NC(=O)NC2CCN(c3ccccn3)C2)cc1,0
CHEMBL5419752,NS(=O)(=O)c1ccc(N2CCC(NC(=O)Nc3ccc(C(F)(F)F)cc3)C2)nc1,0
CHEMBL5425202,NS(=O)(=O)c1ccc(NC(=O)NC2CCN(c3cccc([N+](=O)[O-])n3)C2)cc1,0
CHEMBL5420020,NS(=O)(=O)c1ccc(N2CCC(NC(=O)Nc3ccc([N+](=O)[O-])cc3)C2)nc1,0
CHEMBL5440763,NS(=O)(=O)c1cccc(NC(=O)NC2CCN(c3cccc([N+](=O)[O-])n3)C2)c1,0
CHEMBL5397659,NS(=O)(=O)c1ccc(N2CCC(NC(=O)Nc3cc(C(F)(F)F)cc(C(F)(F)F)c3)C2)nc1,0
CHEMBL5439318,NS(=O)(=O)c1ccc(N2CCC(NC(=O)Nc3ccc(Cl)c(Cl)c3)C2)nc1,0
CHEMBL5405279,NS(=O)(=O)c1ccc(N2CCC(NC(=O)Nc3ccc(F)cc3)C2)nc1,0
CHEMBL5422706,NS(=O)(=O)c1ccc(NC(=O)NC2CCN(c3ccc(C(F)(F)F)cn3)C2)cc1,0
CHEMBL5436282,NS(=O)(=O)c1cccc(NC(=O)NC2CCN(c3ccccn3)C2)c1,0
CHEMBL5395857,NS(=O)(=O)c1ccc(N2CCC(NC(=O)Nc3c(F)cc(F)cc3Br)C2)nc1,0
CHEMBL5395679,NS(=O)(=O)c1ccc(N2CCC(NC(=O)Nc3ccccc3Cl)C2)nc1,0
CHEMBL5440906,NS(=O)(=O)c1cccc(NC(=O)NC2CCN(c3ccc(C(F)(F)F)cn3)C2)c1,0
CHEMBL5424727,NS(=O)(=O)c1ccc(N2CCC(NC(=O)Nc3ccccc3F)C2)nc1,0
CHEMBL124163,COc1cc(CNC(=O)C=C(C)C=CC=C(C)C=CC2=C(C)CCCC2(C)C)ccc1O,1
CHEMBL2312059,CC(C)(C)c1ccc(C(=O)N2CCc3c([nH]c4ccc(O)cc34)C2)cc1,1
CHEMBL1098226,COc1cc(CNC(=O)NC2CC(C)CCC2C(C)C)ccc1O,1
CHEMBL5422020,COc1cc(CNC(=O)CCCc2ccc(I)s2)ccc1O,1
CHEMBL5418018,O=C(CCCc1ccc(I)s1)NCc1ccccc1,1
CHEMBL5403768,COc1ccc(CNC(=O)CCCc2ccc(I)s2)cc1,1
CHEMBL5423911,COc1cc(CNC(=O)CCCc2cccs2)ccc1O,1
CHEMBL5426686,O=C(CCCc1ccc(I)s1)NCc1ccc(Cl)c(Cl)c1,1
CHEMBL5396387,O=C(CCCc1ccc(I)s1)NCc1ccc(O)cc1,1
CHEMBL125758,C=C(C)C1CCC2(C(=O)NCc3ccc(O)c(OC)c3)CCC3(C)C(CCC4C5(C)CCC(O)C(C)(C)C5CCC43C)C12,1
CHEMBL3770435,O=C(Cc1ccc(O)cc1)NCCCCCCCc1ccccc1,1
CHEMBL3769407,O=C(Cc1ccccc1)NCCCCCCCc1ccccc1,1
CHEMBL4789932,CCCN(CCC)c1nc(C(F)(F)F)ccc1CNC(=O)Nc1cccc2c(=O)[nH]ccc12,1
CHEMBL4792255,CCCCOc1nc(C(F)(F)F)ccc1CNC(=O)Nc1cccc2c(=O)[nH]ccc12,1
CHEMBL4782252,CC(C)COc1nc(C(F)(F)F)ccc1CNC(=O)Nc1cccc2c(=O)[nH]ccc12,1
CHEMBL4647981,CCCCCCC(C)(C)c1cc(OC)cc(OCCCCCCCC(=O)NC2CC2)c1,1
CHEMBL392462,C=C(C)C12CC(C)C3(OCc4ccccc4)C(C=C(COC(=O)C=Cc4ccccc4)CC4(O)C(=O)C(C)=CC43)C1OCO2,1
CHEMBL234520,C=C(C)C12CC(C)C3(OCc4ccccc4)C(C=C(COC(=O)C=Cc4ccc(O)c(OC)c4)CC4(O)C(=O)C(C)=CC43)C1OCO2,1
CHEMBL4438643,CN(C)C1(Cc2ccccc2)CCN(c2cc(C(F)(F)F)ccc2CNC(=O)Nc2cccc3c2CC(O)CC3)CC1,1
CHEMBL5171602,O=C(Nc1ccc2c[nH]nc2c1)N1CCN(c2cccc(Cl)c2Cl)CC1,1
CHEMBL5187882,O=C(Nc1ccc2c[nH]nc2c1)N1CCN(c2ccccc2Cl)CC1,1
CHEMBL5171795,Cc1ccccc1N1CCN(C(=O)Nc2ccc3c[nH]nc3c2)CC1,1
CHEMBL4459611,CN(C)C1(Cc2ccccc2)CCN(c2cc(C(F)(F)F)ccc2CNC(=O)Nc2ccc3cccnc3c2)CC1,1
CHEMBL124721,COc1cc(CNC(=O)C2C(C=C(C)C)C2(C)C)ccc1O,1
CHEMBL332105,COc1cc(CNC(=O)C2CC2(C)CCCC(C)CCCC(C)CCCC(C)C)ccc1O,1
CHEMBL4453980,CN(C)C1(Cc2ccccc2)CCN(c2cc(C(F)(F)F)ccc2CNC(=O)Nc2ccc3ccncc3c2)CC1,1
CHEMBL2163793,CCC1=CC2CN3CCc4c([nH]c5ccccc45)C(C(=O)OC)(C2)C13,0
CHEMBL190461,C=C(C)C1CCC(C)=CC1c1c(O)cc(CCCCC)cc1O,0
CHEMBL4849726,Clc1cnc(CNc2ccc3sncc3c2)s1,0
CHEMBL3398240,CCCCCCC(O)CC=CCCCCCCCCn1nnc(-c2ccc(O)c(OC)c2)n1,0
CHEMBL233915,C=C(C)C12CC(C)C3(OCc4ccccc4)C(C=C(COC(=O)CCc4cc(OC)c(O)cc4I)CC4(O)C(=O)C(C)=CC43)C1OCO2,1
CHEMBL234752,C=C(C)C12CC(C)C3(OCc4ccccc4)C(C=C(COC(=O)CCc4ccccc4)CC4(O)C(=O)C(C)=CC43)C1OCO2,1
CHEMBL232947,C=C(C)C12CC(C)C3(OCc4ccccc4)C(C=C(COC(=O)CCc4cc(I)c(O)c(OC)c4)CC4(O)C(=O)C(C)=CC43)C1OCO2,1
CHEMBL391598,C=C(C)C12CC(C)C3(OCc4ccccc4)C(C=C(COC(=O)CCc4ccc(O)c(OC)c4)CC4(O)C(=O)C(C)=CC43)C1OCO2,1
CHEMBL5398061,NS(=O)(=O)c1ccc(N2CCC(NC(=O)NS(=O)(=O)c3ccccc3)C2)nc1,0
CHEMBL4800169,COc1cc(CNC(=O)C23CCC(C)(C)CC2C2=CCC4C5(C)CCC(O)C(C)(C)C5CCC4(C)C2(C)CC3)ccc1O,1
CHEMBL3325767,COC(=O)C1CC23CCOC2C24CC5CC67CCOC6CCN6CCC8(c9cccc(OC)c9N(C2)C58OC4N2CCC4(C1=Nc1ccccc14)C23)C67,0
CHEMBL391808,C=C(C)C12CC(C)C3(OCc4ccccc4)C(C=C(COC(=O)Cc4ccccc4)CC4(O)C(=O)C(C)=CC43)C1OCO2,1
CHEMBL595262,C=C(C)C12CC(C)C34OC(Cc5ccccc5)(OC1C3C=C(COC(=O)Oc1cc(I)c(O)c(OC)c1)CC1(O)C(=O)C(C)=CC14)O2,1
CHEMBL2425550,C=C(C)C12CC(C)C34OC(Cc5ccccc5)(OC1C3C=C(COC(=O)Oc1ccc(N)c(OC)c1)CC1(O)C(=O)C(C)=CC14)O2,1
CHEMBL593623,C=C(C)C12CC(C)C34OC(Cc5ccccc5)(OC1C3C=C(COC(=O)Oc1ccc(O)c(OC)c1)CC1(O)C(=O)C(C)=CC14)O2,1
CHEMBL2425548,C=C(C)C12CC(C)C34OC(Cc5ccccc5)(OC1C3C=C(COC(=O)Oc1cc(Cl)c(O)c(OC)c1)CC1(O)C(=O)C(C)=CC14)O2,1
CHEMBL2425547,C=C(C)C12CC(C)C34OC(Cc5ccccc5)(OC1C3C=C(COC(=O)Oc1cc(F)c(O)c(OC)c1)CC1(O)C(=O)C(C)=CC14)O2,1
CHEMBL2425551,C=C(C)C12CC(C)C34OC(Cc5ccccc5)(OC1C3C=C(COC(=O)Oc1ccc(NS(C)(=O)=O)c(OC)c1)CC1(O)C(=O)C(C)=CC14)O2,1
CHEMBL2425544,C=C(C)C12CC(C)C34OC(Cc5ccccc5)(OC1C3C=C(COC(=O)Oc1cc(F)c(N)c(OC)c1)CC1(O)C(=O)C(C)=CC14)O2,1
CHEMBL5437142,NS(=O)(=O)c1ccc(N2CCC(NC(=O)Nc3ccc(Oc4ccccc4)cc3)C2)nc1,0
CHEMBL469757,CCCC1C(C(=O)OCC)=C(c2ccccc2)N=C(C)C1C(=O)SCCc1ccccc1,0
CHEMBL472235,CCOC(=O)C1=C(c2ccc(F)cc2)N=C(C)C(C(=O)SCCc2ccccc2)C1CC,0
CHEMBL1950596,O=C(CCc1ccc(O)cc1)CC(O)CCCCCCc1ccccc1,0
CHEMBL1950597,Cc1cc(O)c(C(C)C)cc1CCC(=O)CC(O)CCCCCCc1ccccc1,1
CHEMBL1950592,COc1cc(CCC(=O)CC(O)CCCCCCc2ccccc2)ccc1O,1
CHEMBL258162,CN(C)C(=O)Cn1nnc(CNC(=O)c2ccc(-c3ccccc3)cc2)n1,0
CHEMBL257777,CC(C)Cn1nnc(CNC(=O)c2ccc(-c3ccccc3)cc2)n1,0
CHEMBL257961,COC(=O)Cn1nnc(CNC(=O)c2ccc(-c3ccccc3)cc2)n1,0
CHEMBL402283,N#CCn1nnc(CNC(=O)c2ccc(-c3ccccc3)cc2)n1,0
CHEMBL257778,CC(=O)Cn1nnc(CNC(=O)c2ccc(-c3ccccc3)cc2)n1,0
CHEMBL122039,CCCCCCCCC1CC1CCCCCCCCCCC(=O)NCc1ccc(O)c(OC)c1,1
CHEMBL5437753,CCCCCc1cc(O)c(NS(=O)(=O)c2cccc3cccnc23)c(O)c1,0
CHEMBL2312061,O=C(Cc1cccc(-c2ccccc2)c1)N1CCc2c([nH]c3ccc(O)cc23)C1,0
